{"n23.comb": {"var": [[0.0015841894060884703, -0.00017427530347614801, 0.0009091236253847126, -4.996513221459513e-05, 2.2614932147373057e-07], [-0.00017427530347614801, 2.631378647057001e-05, -4.353364910969912e-05, -5.607588861337033e-07, -3.321688835483506e-08], [0.0009091236253847126, -4.353364910969912e-05, 0.01648234361529507, -0.0011357480103331879, 1.848716213680955e-05], [-4.996513221459513e-05, -5.607588861337033e-07, -0.0011357480103331879, 0.00011110090813437989, -2.406341405143147e-06], [2.2614932147373057e-07, -3.321688835483506e-08, 1.848716213680955e-05, -2.406341405143147e-06, 6.346307300792032e-08]], "var.inv": [[19055.829964478307, 151924.51387133746, 7851.658331307069, 225532.96414493924, 6275955.558947869], [151924.51387133746, 1255308.5400586869, 64655.78706816895, 1847171.0914504463, 51320585.73055113], [7851.6583313070405, 64655.78706816871, 3964.602897455687, 109085.3855723398, 2987161.372696329], [225532.9641449397, 1847171.091450451, 109085.38557233982, 3077860.835781136, 85089764.04291236], [6275955.558947832, 51320585.73055082, 2987161.3726963294, 85089764.04291235, 2376441695.4865685]], "mean": [0.6080929959830579, 0.1059944669627986, -1.0925997735665425, 0.25464919919205214, -0.00504358886713356]}, "n23.surv": {"var": [[1.1117790872626167e-11]], "var.inv": [[89945926439.59195]], "mean": [3.873133206986801e-05], "min": 0.0}, "F4.temp": {"var": [[0.14427593076970224, -0.009493889118410898, 0.00015069939716234757], [-0.009493889118410898, 0.0015114400614694137, -4.2154944512881965e-05], [0.00015069939716234757, -4.2154944512881965e-05, 1.3536948588823701e-06]], "var.inv": [[86.94741743944465, 2100.7539547349334, 55739.476669370895], [2100.7539547349334, 55789.25994231065, 1503448.7198970243], [55739.47666937087, 1503448.7198970239, 41351927.62659946]], "mean": [-29.983659263234784, 2.547065674987852, -0.03703376793024484]}, "d1.temp": {"var": [[0.6555688291519486, -0.06377172099624023, 0.0014091971133937237], [-0.06377172099624023, 0.007721512392461906, -0.00019147049596101765], [0.0014091971133937237, -0.00019147049596101765, 5.05364503024094e-06]], "var.inv": [[31.29883625904479, 695.4904451782255, 17622.85839877221], [695.4904451782256, 17595.091505001034, 472699.9531841025], [17622.858398772234, 472699.9531841027, 13193252.175931918]], "mean": [13.468941558731592, -0.8652474262795845, 0.01891979289744318]}, "d2.temp": {"var": [[2.3728623968764073, -0.2043411074081418, 0.004154990297426051], [-0.2043411074081418, 0.019300653549251673, -0.00041991747404367667], [0.004154990297426051, -0.00041991747404367667, 9.595283775896289e-06]], "var.inv": [[39.455536351716354, 961.2131146855819, 24980.273435728865], [961.2131146855819, 24499.44074286631, 655938.0893726598], [24980.273435728857, 655938.0893726597, 17992909.422814097]], "mean": [44.59021955694031, -2.613778489396158, 0.04627568522818735]}, "d3.temp": {"var": [[0.9002058507357189, -0.06416292202070122, 0.0010578228673819865], [-0.06416292202070122, 0.00566656488256207, -0.00011493437847327122], [0.0010578228673819865, -0.00011493437847327122, 2.760783433282683e-06]], "var.inv": [[28.120009381633654, 641.8164382461584, 15945.033550321015], [641.8164382461586, 15783.083003790329, 411148.0519298025], [15945.033550321015, 411148.0519298025, 11369245.526449682]], "mean": [8.92627601829611, -0.36161169585829006, 0.0039784277144151396]}, "p1.temp": {"var": [[9.125407242823244e-05, 0.0007972620266528864, -0.0004646262451626256], [0.0007972620266528864, 0.08346446274274885, -0.005929232695023592], [-0.0004646262451626256, -0.005929232695023592, 0.02260080104998174]], "var.inv": [[13134.797760936437, -108.3011901043155, 241.61217981971873], [-108.30119010431524, 13.101660574743521, 1.21071898617865], [241.61217981971924, 1.2107189861786454, 49.53089901622906]], "mean": [0.9120081298856487, -5.362550627291735, 40.392649926349065]}, "p2.temp": {"var": [[0.00016922042055191562, 0.0012015600542770156, -0.0013286832990846698], [0.0012015600542770156, 0.13079166891382749, -0.01051794229681814], [-0.0013286832990846698, -0.01051794229681814, 0.14046195101656453]], "var.inv": [[6788.429001007329, -57.54667608243333, 59.90518828304934], [-57.54667608243333, 8.179899667221942, 0.06816369269930467], [59.90518828304932, 0.06816369269930482, 7.691135977880299]], "mean": [0.9630337102917345, 3.1535505906512573, 37.39321020554058]}, "p3.temp": {"var": [[0.00023091386982802383, 0.0004386448782985287, -0.00045178551289191477], [0.0004386448782985287, 0.25765719962875167, -0.006205623188256112], [-0.00045178551289191477, -0.006205623188256112, 0.059111849784217414]], "var.inv": [[4407.89982116505, -6.709736836515323, 32.984709328146366], [-6.709736836515326, 3.9011774887361916, 0.3582678543279753], [32.984709328146245, 0.35826785432797603, 17.206791748841525]], "mean": [0.9989963317439844, 12.682001028351872, 35.88839257040825]}, "p4.temp": {"var": [[1.643472276662498e-06, 0.0, 0.0], [0.0, 1.0, 0.0], [0.0, 0.0, 1.0]], "var.inv": [[608467.824009032, 0.0, 0.0], [0.0, 1.0, 0.0], [0.0, 0.0, 1.0]], "mean": [0.9816507230102193, -3.0, 37.5]}, "deltaT": {"var": [[9.0]], "var.inv": [[0.1111111111111111]], "mean": [0.0]}, "PP.init": {"min": 0.0, "max": 1e6}, "PP.normal": {"min": 0.0, "max": 1.0}, "PP.strong": {"min": 0.0, "max": 1.0}, "PP.thr": {"min": 0.0, "max": 1.0}, "init": {"min": 0.0, "max": 1e6}, "alpha_hatch": {"min": 0.0, "max": 1.0}, "tbm.temp": {"var": [[0.5260323191374608, -0.05071297550968762, 0.0010949576201132814], [-0.05071297550968762, 0.006801059531774731, -0.0001729477381221267], [0.0010949576201132814, -0.0001729477381221267, 4.771928641889351e-06]], "var.inv": [[21.4754364871426, 444.39771629561324, 11178.47542078694], [444.39771629561324, 11072.367427172157, 299322.2119520609], [11178.475420786934, 299322.21195206087, 8492822.446635567]], "mean": [29.99806440902287, -1.8712756925767178, 0.03514278986605401]}, "BS.nevap": {"min": 0.0, "max": 1.0}, "BS.dprec": {"min": 0.0, "max": 1.0}, "BS.pdens": {"min": 0.0, "max": 1.0}, "p0.temp": {"var": [[0.00111566378674333, 0.0002087279969235584], [0.0002087279969235584, 5.35511080520202e-05]], "var.inv": [[3310.1897079128657, -12902.240351375254], [-12902.240351375254, 68963.25619969213]], "mean": [0.7975103960182536, 0.07409437745556843]}, "alpha.ta.thr": {"var": [[9.0]], "var.inv": [[0.1111111111111111]], "mean": [21.0]}}
